3C-assembly_contig_1393, Z_contig_1393 
3C-assembly_contig_1392, 01A_contig_1392 
3C-assembly_contig_1391, 01B_contig_1391 
3C-assembly_contig_1390, 03C_contig_1390 
3C-assembly_contig_1389, 07_contig_1389 
3C-assembly_contig_1388, 05B_contig_1388 
3C-assembly_contig_1387, 02E_contig_1387 
3C-assembly_contig_1386, 06_contig_1386 
3C-assembly_contig_1385, 04C_contig_1385 
3C-assembly_contig_1384, 03A_contig_1384 
3C-assembly_contig_1383, 08_contig_1383 
3C-assembly_contig_1382, 02D_contig_1382 
3C-assembly_contig_1380, 01E_contig_1380 
3C-assembly_contig_1379, 02B_contig_1379 
3C-assembly_contig_1378, 09_contig_1378 
3C-assembly_contig_1377, 01C_contig_1377 
3C-assembly_contig_1376, 12_contig_1376 
3C-assembly_contig_1374, 10_contig_1374 
3C-assembly_contig_1375, 04A_contig_1375 
3C-assembly_contig_1371, 11_contig_1371 
3C-assembly_contig_1373, 18_contig_1373 
3C-assembly_contig_1372, 02C_contig_1372 
3C-assembly_contig_1370, 13_contig_1370 
3C-assembly_contig_1369, 05A_contig_1369 
3C-assembly_contig_1367, 14_contig_1367 
3C-assembly_contig_1368, 04D_contig_1368 
3C-assembly_contig_1363, 04B_contig_1363 
3C-assembly_contig_1364, 20_contig_1364 
3C-assembly_contig_1366, 03B_contig_1366 
3C-assembly_contig_1365, 01D_contig_1365 
3C-assembly_contig_1362, 15_contig_1362 
3C-assembly_contig_1361, 03D_contig_1361 
3C-assembly_contig_1360, 02A_contig_1360 
3C-assembly_contig_1359, 17_contig_1359 
3C-assembly_contig_1358, 19_contig_1358 
3C-assembly_contig_1357, 28_contig_1357 
3C-assembly_contig_1356, 21_contig_1356 
3C-assembly_contig_1355, 24_contig_1355 
3C-assembly_contig_1354, 26_contig_1354 
3C-assembly_contig_1353, 27_contig_1353 
3C-assembly_contig_1352, 33_contig_1352 
3C-assembly_contig_1351, unplaced_0001_contig_1351
3C-assembly_contig_1350, unplaced_0002_contig_1350
3C-assembly_contig_1345, unplaced_0003_contig_1345
3C-assembly_contig_1347, unplaced_0004_contig_1347
3C-assembly_contig_1335, unplaced_0005_contig_1335
3C-assembly_contig_1322, unplaced_0006_contig_1322
3C-assembly_contig_1323, unplaced_0007_contig_1323
3C-assembly_contig_1348, unplaced_0008_contig_1348
3C-assembly_contig_1326, unplaced_0009_contig_1326
3C-assembly_contig_1349, unplaced_0010_contig_1349
3C-assembly_contig_1342, unplaced_0011_contig_1342
3C-assembly_contig_1327, unplaced_0012_contig_1327
3C-assembly_contig_1316, unplaced_0013_contig_1316
3C-assembly_contig_1336, unplaced_0014_contig_1336
3C-assembly_contig_1343, unplaced_0015_contig_1343
3C-assembly_contig_1298, unplaced_0016_contig_1298
3C-assembly_contig_1344, unplaced_0017_contig_1344
3C-assembly_contig_1299, unplaced_0018_contig_1299
3C-assembly_contig_1346, unplaced_0019_contig_1346
3C-assembly_contig_1222, unplaced_0020_contig_1222
3C-assembly_contig_1271, unplaced_0021_contig_1271
3C-assembly_contig_512, unplaced_0022_contig_512
3C-assembly_contig_1209, unplaced_0023_contig_1209
3C-assembly_contig_1320, unplaced_0024_contig_1320
3C-assembly_contig_1283, unplaced_0025_contig_1283
3C-assembly_contig_1338, unplaced_0026_contig_1338
3C-assembly_contig_1014, unplaced_0027_contig_1014
3C-assembly_contig_1330, unplaced_0028_contig_1330
3C-assembly_contig_1319, unplaced_0029_contig_1319
3C-assembly_contig_1329, unplaced_0030_contig_1329
3C-assembly_contig_1340, unplaced_0031_contig_1340
3C-assembly_contig_1339, unplaced_0032_contig_1339
3C-assembly_contig_1279, unplaced_0033_contig_1279
3C-assembly_contig_1333, unplaced_0034_contig_1333
3C-assembly_contig_1334, unplaced_0035_contig_1334
3C-assembly_contig_879, unplaced_0036_contig_879
3C-assembly_contig_553, unplaced_0037_contig_553
3C-assembly_contig_484, unplaced_0038_contig_484
3C-assembly_contig_1341, unplaced_0039_contig_1341
3C-assembly_contig_1284, unplaced_0040_contig_1284
3C-assembly_contig_20, unplaced_0041_contig_20
3C-assembly_contig_1078, unplaced_0042_contig_1078
3C-assembly_contig_1015, unplaced_0043_contig_1015
3C-assembly_contig_1318, unplaced_0044_contig_1318
3C-assembly_contig_1297, unplaced_0045_contig_1297
3C-assembly_contig_1325, unplaced_0046_contig_1325
3C-assembly_contig_1186, unplaced_0047_contig_1186
3C-assembly_contig_1321, unplaced_0048_contig_1321
3C-assembly_contig_1247, unplaced_0049_contig_1247
3C-assembly_contig_1121, unplaced_0050_contig_1121
3C-assembly_contig_612, unplaced_0051_contig_612
3C-assembly_contig_1328, unplaced_0052_contig_1328
3C-assembly_contig_1315, unplaced_0053_contig_1315
3C-assembly_contig_1289, unplaced_0054_contig_1289
3C-assembly_contig_1241, unplaced_0055_contig_1241
3C-assembly_contig_1314, unplaced_0056_contig_1314
3C-assembly_contig_1282, unplaced_0057_contig_1282
3C-assembly_contig_1324, unplaced_0058_contig_1324
3C-assembly_contig_1274, unplaced_0059_contig_1274
3C-assembly_contig_1201, unplaced_0060_contig_1201
3C-assembly_contig_810, unplaced_0061_contig_810
3C-assembly_contig_1211, unplaced_0062_contig_1211
3C-assembly_contig_1302, unplaced_0063_contig_1302
3C-assembly_contig_1285, unplaced_0064_contig_1285
3C-assembly_contig_880, unplaced_0065_contig_880
3C-assembly_contig_1254, unplaced_0066_contig_1254
3C-assembly_contig_599, unplaced_0067_contig_599
3C-assembly_contig_1291, unplaced_0068_contig_1291
3C-assembly_contig_1198, unplaced_0069_contig_1198
3C-assembly_contig_1194, unplaced_0070_contig_1194
3C-assembly_contig_1199, unplaced_0071_contig_1199
3C-assembly_contig_425, unplaced_0072_contig_425
3C-assembly_contig_1246, unplaced_0073_contig_1246
3C-assembly_contig_1226, unplaced_0074_contig_1226
3C-assembly_contig_1225, unplaced_0075_contig_1225
3C-assembly_contig_1309, unplaced_0076_contig_1309
3C-assembly_contig_1312, unplaced_0077_contig_1312
3C-assembly_contig_1230, unplaced_0078_contig_1230
3C-assembly_contig_1212, unplaced_0079_contig_1212
3C-assembly_contig_1304, unplaced_0080_contig_1304
3C-assembly_contig_1273, unplaced_0081_contig_1273
3C-assembly_contig_1224, unplaced_0082_contig_1224
3C-assembly_contig_1193, unplaced_0083_contig_1193
3C-assembly_contig_1256, unplaced_0084_contig_1256
3C-assembly_contig_1235, unplaced_0085_contig_1235
3C-assembly_contig_1268, unplaced_0086_contig_1268
3C-assembly_contig_1191, unplaced_0087_contig_1191
3C-assembly_contig_1280, unplaced_0088_contig_1280
3C-assembly_contig_1301, unplaced_0089_contig_1301
3C-assembly_contig_1276, unplaced_0090_contig_1276
3C-assembly_contig_1245, unplaced_0091_contig_1245
3C-assembly_contig_1272, unplaced_0092_contig_1272
3C-assembly_contig_394, unplaced_0093_contig_394
3C-assembly_contig_1188, unplaced_0094_contig_1188
3C-assembly_contig_1260, unplaced_0095_contig_1260
3C-assembly_contig_1337, unplaced_0096_contig_1337
3C-assembly_contig_21, unplaced_0097_contig_21
3C-assembly_contig_1252, unplaced_0098_contig_1252
3C-assembly_contig_1231, unplaced_0099_contig_1231
3C-assembly_contig_1233, unplaced_0100_contig_1233
3C-assembly_contig_560, unplaced_0101_contig_560
3C-assembly_contig_1216, unplaced_0102_contig_1216
3C-assembly_contig_1275, unplaced_0103_contig_1275
3C-assembly_contig_1265, unplaced_0104_contig_1265
3C-assembly_contig_1266, unplaced_0105_contig_1266
3C-assembly_contig_611, unplaced_0106_contig_611
3C-assembly_contig_1308, unplaced_0107_contig_1308
3C-assembly_contig_1227, unplaced_0108_contig_1227
3C-assembly_contig_1262, unplaced_0109_contig_1262
3C-assembly_contig_11, unplaced_0110_contig_11
3C-assembly_contig_19, unplaced_0111_contig_19
3C-assembly_contig_1203, unplaced_0112_contig_1203
3C-assembly_contig_1204, unplaced_0113_contig_1204
3C-assembly_contig_1220, unplaced_0114_contig_1220
3C-assembly_contig_1255, unplaced_0115_contig_1255
3C-assembly_contig_1244, unplaced_0116_contig_1244
3C-assembly_contig_1197, unplaced_0117_contig_1197
3C-assembly_contig_1250, unplaced_0118_contig_1250
3C-assembly_contig_1310, unplaced_0119_contig_1310
3C-assembly_contig_1295, unplaced_0120_contig_1295
3C-assembly_contig_1217, unplaced_0121_contig_1217
3C-assembly_contig_889, unplaced_0122_contig_889
3C-assembly_contig_1219, unplaced_0123_contig_1219
3C-assembly_contig_1196, unplaced_0124_contig_1196
3C-assembly_contig_1253, unplaced_0125_contig_1253
3C-assembly_contig_1287, unplaced_0126_contig_1287
3C-assembly_contig_1293, unplaced_0127_contig_1293
3C-assembly_contig_184, unplaced_0128_contig_184
3C-assembly_contig_1305, unplaced_0129_contig_1305
3C-assembly_contig_1214, unplaced_0130_contig_1214
3C-assembly_contig_1294, unplaced_0131_contig_1294
3C-assembly_contig_1292, unplaced_0132_contig_1292
3C-assembly_contig_1258, unplaced_0133_contig_1258
3C-assembly_contig_1270, unplaced_0134_contig_1270
3C-assembly_contig_1311, unplaced_0135_contig_1311
3C-assembly_contig_1213, unplaced_0136_contig_1213
3C-assembly_contig_1208, unplaced_0137_contig_1208
3C-assembly_contig_1189, unplaced_0138_contig_1189
3C-assembly_contig_1223, unplaced_0139_contig_1223
3C-assembly_contig_1240, unplaced_0140_contig_1240
3C-assembly_contig_1261, unplaced_0141_contig_1261
3C-assembly_contig_991, unplaced_0142_contig_991
3C-assembly_contig_1206, unplaced_0143_contig_1206
3C-assembly_contig_1331, unplaced_0144_contig_1331
3C-assembly_contig_1243, unplaced_0145_contig_1243
3C-assembly_contig_1332, unplaced_0146_contig_1332
3C-assembly_contig_1264, unplaced_0147_contig_1264
3C-assembly_contig_1228, unplaced_0148_contig_1228
3C-assembly_contig_610, unplaced_0149_contig_610
3C-assembly_contig_1195, unplaced_0150_contig_1195
3C-assembly_contig_1238, unplaced_0151_contig_1238
3C-assembly_contig_751, unplaced_0152_contig_751
3C-assembly_contig_1313, unplaced_0153_contig_1313
3C-assembly_contig_189, unplaced_0154_contig_189
3C-assembly_contig_1281, unplaced_0155_contig_1281
3C-assembly_contig_1277, unplaced_0156_contig_1277
3C-assembly_contig_275, unplaced_0157_contig_275
3C-assembly_contig_1303, unplaced_0158_contig_1303
3C-assembly_contig_1269, unplaced_0159_contig_1269
3C-assembly_contig_268, unplaced_0160_contig_268
3C-assembly_contig_308, unplaced_0161_contig_308
3C-assembly_contig_17, unplaced_0162_contig_17
3C-assembly_contig_488, unplaced_0163_contig_488
3C-assembly_contig_1296, unplaced_0164_contig_1296
3C-assembly_contig_4, unplaced_0165_contig_4
3C-assembly_contig_1221, unplaced_0166_contig_1221
3C-assembly_contig_1202, unplaced_0167_contig_1202
3C-assembly_contig_263, unplaced_0168_contig_263
3C-assembly_contig_1234, unplaced_0169_contig_1234
3C-assembly_contig_930, unplaced_0170_contig_930
3C-assembly_contig_1205, unplaced_0171_contig_1205
3C-assembly_contig_765, unplaced_0172_contig_765
3C-assembly_contig_994, unplaced_0173_contig_994
3C-assembly_contig_714, unplaced_0174_contig_714
3C-assembly_contig_1215, unplaced_0175_contig_1215
3C-assembly_contig_153, unplaced_0176_contig_153
3C-assembly_contig_905, unplaced_0177_contig_905
3C-assembly_contig_548, unplaced_0178_contig_548
3C-assembly_contig_645, unplaced_0179_contig_645
3C-assembly_contig_1288, unplaced_0180_contig_1288
3C-assembly_contig_928, unplaced_0181_contig_928
3C-assembly_contig_938, unplaced_0182_contig_938
3C-assembly_contig_1317, unplaced_0183_contig_1317
3C-assembly_contig_276, unplaced_0184_contig_276
3C-assembly_contig_1187, unplaced_0185_contig_1187
3C-assembly_contig_143, unplaced_0186_contig_143
3C-assembly_contig_912, unplaced_0187_contig_912
3C-assembly_contig_344, unplaced_0188_contig_344
3C-assembly_contig_58, unplaced_0189_contig_58
3C-assembly_contig_199, unplaced_0190_contig_199
3C-assembly_contig_250, unplaced_0191_contig_250
3C-assembly_contig_437, unplaced_0192_contig_437
3C-assembly_contig_681, unplaced_0193_contig_681
3C-assembly_contig_927, unplaced_0194_contig_927
3C-assembly_contig_38, unplaced_0195_contig_38
3C-assembly_contig_329, unplaced_0196_contig_329
3C-assembly_contig_173, unplaced_0197_contig_173
3C-assembly_contig_389, unplaced_0198_contig_389
3C-assembly_contig_1218, unplaced_0199_contig_1218
3C-assembly_contig_1068, unplaced_0200_contig_1068
3C-assembly_contig_884, unplaced_0201_contig_884
3C-assembly_contig_126, unplaced_0202_contig_126
3C-assembly_contig_1147, unplaced_0203_contig_1147
3C-assembly_contig_290, unplaced_0204_contig_290
3C-assembly_contig_635, unplaced_0205_contig_635
3C-assembly_contig_694, unplaced_0206_contig_694
3C-assembly_contig_840, unplaced_0207_contig_840
3C-assembly_contig_1251, unplaced_0208_contig_1251
3C-assembly_contig_491, unplaced_0209_contig_491
3C-assembly_contig_1041, unplaced_0210_contig_1041
3C-assembly_contig_98, unplaced_0211_contig_98
3C-assembly_contig_485, unplaced_0212_contig_485
3C-assembly_contig_1242, unplaced_0213_contig_1242
3C-assembly_contig_1259, unplaced_0214_contig_1259
3C-assembly_contig_1185, unplaced_0215_contig_1185
3C-assembly_contig_297, unplaced_0216_contig_297
3C-assembly_contig_778, unplaced_0217_contig_778
3C-assembly_contig_722, unplaced_0218_contig_722
3C-assembly_contig_981, unplaced_0219_contig_981
3C-assembly_contig_317, unplaced_0220_contig_317
3C-assembly_contig_673, unplaced_0221_contig_673
3C-assembly_contig_971, unplaced_0222_contig_971
3C-assembly_contig_756, unplaced_0223_contig_756
3C-assembly_contig_84, unplaced_0224_contig_84
3C-assembly_contig_398, unplaced_0225_contig_398
3C-assembly_contig_838, unplaced_0226_contig_838
3C-assembly_contig_353, unplaced_0227_contig_353
3C-assembly_contig_742, unplaced_0228_contig_742
3C-assembly_contig_974, unplaced_0229_contig_974
3C-assembly_contig_1055, unplaced_0230_contig_1055
3C-assembly_contig_59, unplaced_0231_contig_59
3C-assembly_contig_118, unplaced_0232_contig_118
3C-assembly_contig_302, unplaced_0233_contig_302
3C-assembly_contig_1124, unplaced_0234_contig_1124
3C-assembly_contig_3, unplaced_0235_contig_3
3C-assembly_contig_393, unplaced_0236_contig_393
3C-assembly_contig_999, unplaced_0237_contig_999
3C-assembly_contig_413, unplaced_0238_contig_413
3C-assembly_contig_1069, unplaced_0239_contig_1069
3C-assembly_contig_878, unplaced_0240_contig_878
3C-assembly_contig_1267, unplaced_0241_contig_1267
3C-assembly_contig_36, unplaced_0242_contig_36
3C-assembly_contig_1054, unplaced_0243_contig_1054
3C-assembly_contig_296, unplaced_0244_contig_296
3C-assembly_contig_18, unplaced_0245_contig_18
3C-assembly_contig_653, unplaced_0246_contig_653
3C-assembly_contig_255, unplaced_0247_contig_255
3C-assembly_contig_1114, unplaced_0248_contig_1114
3C-assembly_contig_347, unplaced_0249_contig_347
3C-assembly_contig_103, unplaced_0250_contig_103
3C-assembly_contig_54, unplaced_0251_contig_54
3C-assembly_contig_428, unplaced_0252_contig_428
3C-assembly_contig_593, unplaced_0253_contig_593
3C-assembly_contig_492, unplaced_0254_contig_492
3C-assembly_contig_385, unplaced_0255_contig_385
3C-assembly_contig_80, unplaced_0256_contig_80
3C-assembly_contig_1038, unplaced_0257_contig_1038
3C-assembly_contig_1098, unplaced_0258_contig_1098
3C-assembly_contig_888, unplaced_0259_contig_888
3C-assembly_contig_16, unplaced_0260_contig_16
3C-assembly_contig_478, unplaced_0261_contig_478
3C-assembly_contig_646, unplaced_0262_contig_646
3C-assembly_contig_1145, unplaced_0263_contig_1145
3C-assembly_contig_665, unplaced_0264_contig_665
3C-assembly_contig_343, unplaced_0265_contig_343
3C-assembly_contig_342, unplaced_0266_contig_342
3C-assembly_contig_420, unplaced_0267_contig_420
3C-assembly_contig_1060, unplaced_0268_contig_1060
3C-assembly_contig_619, unplaced_0269_contig_619
3C-assembly_contig_299, unplaced_0270_contig_299
3C-assembly_contig_1125, unplaced_0271_contig_1125
3C-assembly_contig_852, unplaced_0272_contig_852
3C-assembly_contig_25, unplaced_0273_contig_25
3C-assembly_contig_1099, unplaced_0274_contig_1099
3C-assembly_contig_1190, unplaced_0275_contig_1190
3C-assembly_contig_526, unplaced_0276_contig_526
3C-assembly_contig_1286, unplaced_0277_contig_1286
3C-assembly_contig_666, unplaced_0278_contig_666
3C-assembly_contig_119, unplaced_0279_contig_119
3C-assembly_contig_796, unplaced_0280_contig_796
3C-assembly_contig_63, unplaced_0281_contig_63
3C-assembly_contig_392, unplaced_0282_contig_392
3C-assembly_contig_27, unplaced_0283_contig_27
3C-assembly_contig_821, unplaced_0284_contig_821
3C-assembly_contig_1160, unplaced_0285_contig_1160
3C-assembly_contig_2, unplaced_0286_contig_2
3C-assembly_contig_138, unplaced_0287_contig_138
3C-assembly_contig_594, unplaced_0288_contig_594
3C-assembly_contig_241, unplaced_0289_contig_241
3C-assembly_contig_364, unplaced_0290_contig_364
3C-assembly_contig_506, unplaced_0291_contig_506
3C-assembly_contig_995, unplaced_0292_contig_995
3C-assembly_contig_715, unplaced_0293_contig_715
3C-assembly_contig_288, unplaced_0294_contig_288
3C-assembly_contig_319, unplaced_0295_contig_319
3C-assembly_contig_1229, unplaced_0296_contig_1229
3C-assembly_contig_407, unplaced_0297_contig_407
3C-assembly_contig_918, unplaced_0298_contig_918
3C-assembly_contig_49, unplaced_0299_contig_49
3C-assembly_contig_253, unplaced_0300_contig_253
3C-assembly_contig_952, unplaced_0301_contig_952
3C-assembly_contig_680, unplaced_0302_contig_680
3C-assembly_contig_365, unplaced_0303_contig_365
3C-assembly_contig_505, unplaced_0304_contig_505
3C-assembly_contig_1128, unplaced_0305_contig_1128
3C-assembly_contig_793, unplaced_0306_contig_793
3C-assembly_contig_706, unplaced_0307_contig_706
3C-assembly_contig_837, unplaced_0308_contig_837
3C-assembly_contig_1036, unplaced_0309_contig_1036
3C-assembly_contig_97, unplaced_0310_contig_97
3C-assembly_contig_71, unplaced_0311_contig_71
3C-assembly_contig_959, unplaced_0312_contig_959
3C-assembly_contig_1129, unplaced_0313_contig_1129
3C-assembly_contig_460, unplaced_0314_contig_460
3C-assembly_contig_432, unplaced_0315_contig_432
3C-assembly_contig_1032, unplaced_0316_contig_1032
3C-assembly_contig_977, unplaced_0317_contig_977
3C-assembly_contig_320, unplaced_0318_contig_320
3C-assembly_contig_429, unplaced_0319_contig_429
3C-assembly_contig_212, unplaced_0320_contig_212
3C-assembly_contig_1056, unplaced_0321_contig_1056
3C-assembly_contig_23, unplaced_0322_contig_23
3C-assembly_contig_695, unplaced_0323_contig_695
3C-assembly_contig_975, unplaced_0324_contig_975
3C-assembly_contig_301, unplaced_0325_contig_301
3C-assembly_contig_858, unplaced_0326_contig_858
3C-assembly_contig_717, unplaced_0327_contig_717
3C-assembly_contig_664, unplaced_0328_contig_664
3C-assembly_contig_617, unplaced_0329_contig_617
3C-assembly_contig_1176, unplaced_0330_contig_1176
3C-assembly_contig_1118, unplaced_0331_contig_1118
3C-assembly_contig_47, unplaced_0332_contig_47
3C-assembly_contig_1127, unplaced_0333_contig_1127
3C-assembly_contig_1126, unplaced_0334_contig_1126
3C-assembly_contig_46, unplaced_0335_contig_46
3C-assembly_contig_129, unplaced_0336_contig_129
3C-assembly_contig_410, unplaced_0337_contig_410
3C-assembly_contig_6, unplaced_0338_contig_6
3C-assembly_contig_254, unplaced_0339_contig_254
3C-assembly_contig_1049, unplaced_0340_contig_1049
3C-assembly_contig_68, unplaced_0341_contig_68
3C-assembly_contig_1079, unplaced_0342_contig_1079
3C-assembly_contig_951, unplaced_0343_contig_951
3C-assembly_contig_920, unplaced_0344_contig_920
3C-assembly_contig_1200, unplaced_0345_contig_1200
3C-assembly_contig_516, unplaced_0346_contig_516
3C-assembly_contig_62, unplaced_0347_contig_62
3C-assembly_contig_43, unplaced_0348_contig_43
3C-assembly_contig_962, unplaced_0349_contig_962
3C-assembly_contig_750, unplaced_0350_contig_750
3C-assembly_contig_1047, unplaced_0351_contig_1047
3C-assembly_contig_459, unplaced_0352_contig_459
3C-assembly_contig_287, unplaced_0353_contig_287
3C-assembly_contig_24, unplaced_0354_contig_24
3C-assembly_contig_738, unplaced_0355_contig_738
3C-assembly_contig_406, unplaced_0356_contig_406
3C-assembly_contig_745, unplaced_0357_contig_745
3C-assembly_contig_64, unplaced_0358_contig_64
3C-assembly_contig_1039, unplaced_0359_contig_1039
3C-assembly_contig_1097, unplaced_0360_contig_1097
3C-assembly_contig_114, unplaced_0361_contig_114
3C-assembly_contig_87, unplaced_0362_contig_87
3C-assembly_contig_587, unplaced_0363_contig_587
3C-assembly_contig_1059, unplaced_0364_contig_1059
3C-assembly_contig_1179, unplaced_0365_contig_1179
3C-assembly_contig_1051, unplaced_0366_contig_1051
3C-assembly_contig_219, unplaced_0367_contig_219
3C-assembly_contig_405, unplaced_0368_contig_405
3C-assembly_contig_72, unplaced_0369_contig_72
3C-assembly_contig_480, unplaced_0370_contig_480
3C-assembly_contig_863, unplaced_0371_contig_863
3C-assembly_contig_96, unplaced_0372_contig_96
3C-assembly_contig_113, unplaced_0373_contig_113
3C-assembly_contig_65, unplaced_0374_contig_65
3C-assembly_contig_79, unplaced_0375_contig_79
3C-assembly_contig_274, unplaced_0376_contig_274
3C-assembly_contig_142, unplaced_0377_contig_142
3C-assembly_contig_725, unplaced_0378_contig_725
3C-assembly_contig_81, unplaced_0379_contig_81
3C-assembly_contig_160, unplaced_0380_contig_160
3C-assembly_contig_1135, unplaced_0381_contig_1135
3C-assembly_contig_5, unplaced_0382_contig_5
3C-assembly_contig_77, unplaced_0383_contig_77
3C-assembly_contig_69, unplaced_0384_contig_69
3C-assembly_contig_1146, unplaced_0385_contig_1146
3C-assembly_contig_845, unplaced_0386_contig_845
3C-assembly_contig_82, unplaced_0387_contig_82
3C-assembly_contig_710, unplaced_0388_contig_710
3C-assembly_contig_316, unplaced_0389_contig_316
3C-assembly_contig_237, unplaced_0390_contig_237
3C-assembly_contig_919, unplaced_0391_contig_919
3C-assembly_contig_226, unplaced_0392_contig_226
3C-assembly_contig_31, unplaced_0393_contig_31
3C-assembly_contig_132, unplaced_0394_contig_132
3C-assembly_contig_438, unplaced_0395_contig_438
3C-assembly_contig_1113, unplaced_0396_contig_1113
3C-assembly_contig_1158, unplaced_0397_contig_1158
3C-assembly_contig_123, unplaced_0398_contig_123
3C-assembly_contig_651, unplaced_0399_contig_651
3C-assembly_contig_1177, unplaced_0400_contig_1177
3C-assembly_contig_78, unplaced_0401_contig_78
3C-assembly_contig_1123, unplaced_0402_contig_1123
3C-assembly_contig_1004, unplaced_0403_contig_1004
3C-assembly_contig_1239, unplaced_0404_contig_1239
3C-assembly_contig_877, unplaced_0405_contig_877
3C-assembly_contig_1061, unplaced_0406_contig_1061
3C-assembly_contig_1083, unplaced_0407_contig_1083
3C-assembly_contig_324, unplaced_0408_contig_324
3C-assembly_contig_345, unplaced_0409_contig_345
3C-assembly_contig_1021, unplaced_0410_contig_1021
3C-assembly_contig_839, unplaced_0411_contig_839
3C-assembly_contig_724, unplaced_0412_contig_724
3C-assembly_contig_752, unplaced_0413_contig_752
3C-assembly_contig_499, unplaced_0414_contig_499
3C-assembly_contig_1168, unplaced_0415_contig_1168
3C-assembly_contig_1120, unplaced_0416_contig_1120
3C-assembly_contig_157, unplaced_0417_contig_157
3C-assembly_contig_753, unplaced_0418_contig_753
3C-assembly_contig_300, unplaced_0419_contig_300
3C-assembly_contig_291, unplaced_0420_contig_291
3C-assembly_contig_552, unplaced_0421_contig_552
3C-assembly_contig_361, unplaced_0422_contig_361
3C-assembly_contig_906, unplaced_0423_contig_906
3C-assembly_contig_112, unplaced_0424_contig_112
3C-assembly_contig_350, unplaced_0425_contig_350
3C-assembly_contig_820, unplaced_0426_contig_820
3C-assembly_contig_92, unplaced_0427_contig_92
3C-assembly_contig_917, unplaced_0428_contig_917
3C-assembly_contig_1290, unplaced_0429_contig_1290
3C-assembly_contig_843, unplaced_0430_contig_843
3C-assembly_contig_737, unplaced_0431_contig_737
3C-assembly_contig_39, unplaced_0432_contig_39
3C-assembly_contig_318, unplaced_0433_contig_318
3C-assembly_contig_762, unplaced_0434_contig_762
3C-assembly_contig_777, unplaced_0435_contig_777
3C-assembly_contig_1141, unplaced_0436_contig_1141
3C-assembly_contig_89, unplaced_0437_contig_89
3C-assembly_contig_950, unplaced_0438_contig_950
3C-assembly_contig_243, unplaced_0439_contig_243
3C-assembly_contig_1159, unplaced_0440_contig_1159
3C-assembly_contig_1092, unplaced_0441_contig_1092
3C-assembly_contig_1210, unplaced_0442_contig_1210
3C-assembly_contig_853, unplaced_0443_contig_853
3C-assembly_contig_842, unplaced_0444_contig_842
3C-assembly_contig_121, unplaced_0445_contig_121
3C-assembly_contig_369, unplaced_0446_contig_369
3C-assembly_contig_366, unplaced_0447_contig_366
3C-assembly_contig_235, unplaced_0448_contig_235
3C-assembly_contig_677, unplaced_0449_contig_677
3C-assembly_contig_652, unplaced_0450_contig_652
3C-assembly_contig_503, unplaced_0451_contig_503
3C-assembly_contig_427, unplaced_0452_contig_427
3C-assembly_contig_631, unplaced_0453_contig_631
3C-assembly_contig_61, unplaced_0454_contig_61
3C-assembly_contig_298, unplaced_0455_contig_298
3C-assembly_contig_1157, unplaced_0456_contig_1157
3C-assembly_contig_1167, unplaced_0457_contig_1167
3C-assembly_contig_279, unplaced_0458_contig_279
3C-assembly_contig_1237, unplaced_0459_contig_1237
3C-assembly_contig_978, unplaced_0460_contig_978
3C-assembly_contig_147, unplaced_0461_contig_147
3C-assembly_contig_1111, unplaced_0462_contig_1111
3C-assembly_contig_354, unplaced_0463_contig_354
3C-assembly_contig_295, unplaced_0464_contig_295
3C-assembly_contig_1178, unplaced_0465_contig_1178
3C-assembly_contig_559, unplaced_0466_contig_559
3C-assembly_contig_1102, unplaced_0467_contig_1102
3C-assembly_contig_764, unplaced_0468_contig_764
3C-assembly_contig_479, unplaced_0469_contig_479
3C-assembly_contig_976, unplaced_0470_contig_976
3C-assembly_contig_1026, unplaced_0471_contig_1026
3C-assembly_contig_965, unplaced_0472_contig_965
3C-assembly_contig_233, unplaced_0473_contig_233
3C-assembly_contig_539, unplaced_0474_contig_539
3C-assembly_contig_522, unplaced_0475_contig_522
3C-assembly_contig_570, unplaced_0476_contig_570
3C-assembly_contig_368, unplaced_0477_contig_368
3C-assembly_contig_1156, unplaced_0478_contig_1156
3C-assembly_contig_1057, unplaced_0479_contig_1057
3C-assembly_contig_1093, unplaced_0480_contig_1093
3C-assembly_contig_937, unplaced_0481_contig_937
3C-assembly_contig_228, unplaced_0482_contig_228
3C-assembly_contig_99, unplaced_0483_contig_99
3C-assembly_contig_768, unplaced_0484_contig_768
3C-assembly_contig_441, unplaced_0485_contig_441
3C-assembly_contig_416, unplaced_0486_contig_416
3C-assembly_contig_915, unplaced_0487_contig_915
3C-assembly_contig_125, unplaced_0488_contig_125
3C-assembly_contig_812, unplaced_0489_contig_812
3C-assembly_contig_1236, unplaced_0490_contig_1236
3C-assembly_contig_614, unplaced_0491_contig_614
3C-assembly_contig_784, unplaced_0492_contig_784
3C-assembly_contig_325, unplaced_0493_contig_325
3C-assembly_contig_1105, unplaced_0494_contig_1105
3C-assembly_contig_1249, unplaced_0495_contig_1249
3C-assembly_contig_222, unplaced_0496_contig_222
3C-assembly_contig_536, unplaced_0497_contig_536
3C-assembly_contig_251, unplaced_0498_contig_251
3C-assembly_contig_477, unplaced_0499_contig_477
3C-assembly_contig_411, unplaced_0500_contig_411
3C-assembly_contig_608, unplaced_0501_contig_608
3C-assembly_contig_458, unplaced_0502_contig_458
3C-assembly_contig_996, unplaced_0503_contig_996
3C-assembly_contig_949, unplaced_0504_contig_949
3C-assembly_contig_772, unplaced_0505_contig_772
3C-assembly_contig_107, unplaced_0506_contig_107
3C-assembly_contig_278, unplaced_0507_contig_278
3C-assembly_contig_1094, unplaced_0508_contig_1094
3C-assembly_contig_188, unplaced_0509_contig_188
3C-assembly_contig_273, unplaced_0510_contig_273
3C-assembly_contig_830, unplaced_0511_contig_830
3C-assembly_contig_572, unplaced_0512_contig_572
3C-assembly_contig_855, unplaced_0513_contig_855
3C-assembly_contig_770, unplaced_0514_contig_770
3C-assembly_contig_566, unplaced_0515_contig_566
3C-assembly_contig_463, unplaced_0516_contig_463
3C-assembly_contig_306, unplaced_0517_contig_306
3C-assembly_contig_836, unplaced_0518_contig_836
3C-assembly_contig_66, unplaced_0519_contig_66
3C-assembly_contig_378, unplaced_0520_contig_378
3C-assembly_contig_575, unplaced_0521_contig_575
3C-assembly_contig_1232, unplaced_0522_contig_1232
3C-assembly_contig_749, unplaced_0523_contig_749
3C-assembly_contig_501, unplaced_0524_contig_501
3C-assembly_contig_850, unplaced_0525_contig_850
3C-assembly_contig_182, unplaced_0526_contig_182
3C-assembly_contig_1002, unplaced_0527_contig_1002
3C-assembly_contig_475, unplaced_0528_contig_475
3C-assembly_contig_303, unplaced_0529_contig_303
3C-assembly_contig_15, unplaced_0530_contig_15
3C-assembly_contig_469, unplaced_0531_contig_469
3C-assembly_contig_267, unplaced_0532_contig_267
3C-assembly_contig_1044, unplaced_0533_contig_1044
3C-assembly_contig_817, unplaced_0534_contig_817
3C-assembly_contig_379, unplaced_0535_contig_379
3C-assembly_contig_922, unplaced_0536_contig_922
3C-assembly_contig_1116, unplaced_0537_contig_1116
3C-assembly_contig_735, unplaced_0538_contig_735
3C-assembly_contig_558, unplaced_0539_contig_558
3C-assembly_contig_898, unplaced_0540_contig_898
3C-assembly_contig_718, unplaced_0541_contig_718
3C-assembly_contig_719, unplaced_0542_contig_719
3C-assembly_contig_744, unplaced_0543_contig_744
3C-assembly_contig_876, unplaced_0544_contig_876
3C-assembly_contig_282, unplaced_0545_contig_282
3C-assembly_contig_346, unplaced_0546_contig_346
3C-assembly_contig_892, unplaced_0547_contig_892
3C-assembly_contig_216, unplaced_0548_contig_216
3C-assembly_contig_726, unplaced_0549_contig_726
3C-assembly_contig_940, unplaced_0550_contig_940
3C-assembly_contig_794, unplaced_0551_contig_794
3C-assembly_contig_1140, unplaced_0552_contig_1140
3C-assembly_contig_176, unplaced_0553_contig_176
3C-assembly_contig_323, unplaced_0554_contig_323
3C-assembly_contig_1162, unplaced_0555_contig_1162
3C-assembly_contig_224, unplaced_0556_contig_224
3C-assembly_contig_1045, unplaced_0557_contig_1045
3C-assembly_contig_1067, unplaced_0558_contig_1067
3C-assembly_contig_641, unplaced_0559_contig_641
3C-assembly_contig_231, unplaced_0560_contig_231
3C-assembly_contig_260, unplaced_0561_contig_260
3C-assembly_contig_709, unplaced_0562_contig_709
3C-assembly_contig_229, unplaced_0563_contig_229
3C-assembly_contig_970, unplaced_0564_contig_970
3C-assembly_contig_661, unplaced_0565_contig_661
3C-assembly_contig_327, unplaced_0566_contig_327
3C-assembly_contig_486, unplaced_0567_contig_486
3C-assembly_contig_41, unplaced_0568_contig_41
3C-assembly_contig_704, unplaced_0569_contig_704
3C-assembly_contig_1000, unplaced_0570_contig_1000
3C-assembly_contig_668, unplaced_0571_contig_668
3C-assembly_contig_632, unplaced_0572_contig_632
3C-assembly_contig_376, unplaced_0573_contig_376
3C-assembly_contig_193, unplaced_0574_contig_193
3C-assembly_contig_1073, unplaced_0575_contig_1073
3C-assembly_contig_1248, unplaced_0576_contig_1248
3C-assembly_contig_1023, unplaced_0577_contig_1023
3C-assembly_contig_8, unplaced_0578_contig_8
3C-assembly_contig_1088, unplaced_0579_contig_1088
3C-assembly_contig_895, unplaced_0580_contig_895
3C-assembly_contig_500, unplaced_0581_contig_500
3C-assembly_contig_211, unplaced_0582_contig_211
3C-assembly_contig_667, unplaced_0583_contig_667
3C-assembly_contig_627, unplaced_0584_contig_627
3C-assembly_contig_957, unplaced_0585_contig_957
3C-assembly_contig_1166, unplaced_0586_contig_1166
3C-assembly_contig_862, unplaced_0587_contig_862
3C-assembly_contig_0, unplaced_0588_contig_0
3C-assembly_contig_712, unplaced_0589_contig_712
3C-assembly_contig_402, unplaced_0590_contig_402
3C-assembly_contig_849, unplaced_0591_contig_849
3C-assembly_contig_979, unplaced_0592_contig_979
3C-assembly_contig_476, unplaced_0593_contig_476
3C-assembly_contig_152, unplaced_0594_contig_152
3C-assembly_contig_33, unplaced_0595_contig_33
3C-assembly_contig_1142, unplaced_0596_contig_1142
3C-assembly_contig_1076, unplaced_0597_contig_1076
3C-assembly_contig_804, unplaced_0598_contig_804
3C-assembly_contig_874, unplaced_0599_contig_874
3C-assembly_contig_901, unplaced_0600_contig_901
3C-assembly_contig_373, unplaced_0601_contig_373
3C-assembly_contig_1307, unplaced_0602_contig_1307
3C-assembly_contig_591, unplaced_0603_contig_591
3C-assembly_contig_175, unplaced_0604_contig_175
3C-assembly_contig_736, unplaced_0605_contig_736
3C-assembly_contig_813, unplaced_0606_contig_813
3C-assembly_contig_1117, unplaced_0607_contig_1117
3C-assembly_contig_520, unplaced_0608_contig_520
3C-assembly_contig_165, unplaced_0609_contig_165
3C-assembly_contig_426, unplaced_0610_contig_426
3C-assembly_contig_390, unplaced_0611_contig_390
3C-assembly_contig_245, unplaced_0612_contig_245
3C-assembly_contig_776, unplaced_0613_contig_776
3C-assembly_contig_83, unplaced_0614_contig_83
3C-assembly_contig_958, unplaced_0615_contig_958
3C-assembly_contig_936, unplaced_0616_contig_936
contig_2346_pilon_pilon, unplaced_0617_contig_2346
3C-assembly_contig_993, unplaced_0618_contig_993
3C-assembly_contig_1151, unplaced_0619_contig_1151
3C-assembly_contig_914, unplaced_0620_contig_914
3C-assembly_contig_93, unplaced_0621_contig_93
3C-assembly_contig_569, unplaced_0622_contig_569
3C-assembly_contig_272, unplaced_0623_contig_272
3C-assembly_contig_259, unplaced_0624_contig_259
3C-assembly_contig_998, unplaced_0625_contig_998
3C-assembly_contig_1030, unplaced_0626_contig_1030
3C-assembly_contig_583, unplaced_0627_contig_583
3C-assembly_contig_624, unplaced_0628_contig_624
3C-assembly_contig_1263, unplaced_0629_contig_1263
3C-assembly_contig_210, unplaced_0630_contig_210
3C-assembly_contig_1133, unplaced_0631_contig_1133
3C-assembly_contig_655, unplaced_0632_contig_655
3C-assembly_contig_875, unplaced_0633_contig_875
3C-assembly_contig_388, unplaced_0634_contig_388
3C-assembly_contig_1306, unplaced_0635_contig_1306
3C-assembly_contig_682, unplaced_0636_contig_682
3C-assembly_contig_332, unplaced_0637_contig_332
3C-assembly_contig_76, unplaced_0638_contig_76
3C-assembly_contig_586, unplaced_0639_contig_586
3C-assembly_contig_578, unplaced_0640_contig_578
3C-assembly_contig_1130, unplaced_0641_contig_1130
3C-assembly_contig_803, unplaced_0642_contig_803
3C-assembly_contig_115, unplaced_0643_contig_115
3C-assembly_contig_671, unplaced_0644_contig_671
3C-assembly_contig_873, unplaced_0645_contig_873
3C-assembly_contig_616, unplaced_0646_contig_616
3C-assembly_contig_270, unplaced_0647_contig_270
3C-assembly_contig_1033, unplaced_0648_contig_1033
3C-assembly_contig_436, unplaced_0649_contig_436
3C-assembly_contig_1096, unplaced_0650_contig_1096
3C-assembly_contig_630, unplaced_0651_contig_630
3C-assembly_contig_844, unplaced_0652_contig_844
3C-assembly_contig_215, unplaced_0653_contig_215
3C-assembly_contig_929, unplaced_0654_contig_929
3C-assembly_contig_151, unplaced_0655_contig_151
3C-assembly_contig_577, unplaced_0656_contig_577
3C-assembly_contig_162, unplaced_0657_contig_162
3C-assembly_contig_856, unplaced_0658_contig_856
3C-assembly_contig_335, unplaced_0659_contig_335
3C-assembly_contig_528, unplaced_0660_contig_528
3C-assembly_contig_562, unplaced_0661_contig_562
3C-assembly_contig_1074, unplaced_0662_contig_1074
3C-assembly_contig_1013, unplaced_0663_contig_1013
3C-assembly_contig_964, unplaced_0664_contig_964
3C-assembly_contig_42, unplaced_0665_contig_42
3C-assembly_contig_439, unplaced_0666_contig_439
3C-assembly_contig_294, unplaced_0667_contig_294
3C-assembly_contig_798, unplaced_0668_contig_798
3C-assembly_contig_283, unplaced_0669_contig_283
3C-assembly_contig_280, unplaced_0670_contig_280
3C-assembly_contig_551, unplaced_0671_contig_551
3C-assembly_contig_540, unplaced_0672_contig_540
3C-assembly_contig_265, unplaced_0673_contig_265
3C-assembly_contig_1089, unplaced_0674_contig_1089
3C-assembly_contig_1042, unplaced_0675_contig_1042
3C-assembly_contig_800, unplaced_0676_contig_800
3C-assembly_contig_785, unplaced_0677_contig_785
3C-assembly_contig_53, unplaced_0678_contig_53
3C-assembly_contig_657, unplaced_0679_contig_657
3C-assembly_contig_629, unplaced_0680_contig_629
3C-assembly_contig_158, unplaced_0681_contig_158
3C-assembly_contig_1132, unplaced_0682_contig_1132
3C-assembly_contig_903, unplaced_0683_contig_903
3C-assembly_contig_740, unplaced_0684_contig_740
3C-assembly_contig_997, unplaced_0685_contig_997
3C-assembly_contig_670, unplaced_0686_contig_670
3C-assembly_contig_924, unplaced_0687_contig_924
3C-assembly_contig_733, unplaced_0688_contig_733
3C-assembly_contig_685, unplaced_0689_contig_685
3C-assembly_contig_550, unplaced_0690_contig_550
3C-assembly_contig_934, unplaced_0691_contig_934
3C-assembly_contig_257, unplaced_0692_contig_257
3C-assembly_contig_676, unplaced_0693_contig_676
3C-assembly_contig_825, unplaced_0694_contig_825
3C-assembly_contig_984, unplaced_0695_contig_984
3C-assembly_contig_683, unplaced_0696_contig_683
3C-assembly_contig_1048, unplaced_0697_contig_1048
3C-assembly_contig_1104, unplaced_0698_contig_1104
3C-assembly_contig_387, unplaced_0699_contig_387
3C-assembly_contig_775, unplaced_0700_contig_775
3C-assembly_contig_419, unplaced_0701_contig_419
3C-assembly_contig_382, unplaced_0702_contig_382
3C-assembly_contig_678, unplaced_0703_contig_678
3C-assembly_contig_763, unplaced_0704_contig_763
3C-assembly_contig_969, unplaced_0705_contig_969
3C-assembly_contig_164, unplaced_0706_contig_164
3C-assembly_contig_35, unplaced_0707_contig_35
3C-assembly_contig_556, unplaced_0708_contig_556
3C-assembly_contig_581, unplaced_0709_contig_581
3C-assembly_contig_194, unplaced_0710_contig_194
3C-assembly_contig_451, unplaced_0711_contig_451
3C-assembly_contig_261, unplaced_0712_contig_261
3C-assembly_contig_598, unplaced_0713_contig_598
3C-assembly_contig_1003, unplaced_0714_contig_1003
3C-assembly_contig_1091, unplaced_0715_contig_1091
3C-assembly_contig_227, unplaced_0716_contig_227
3C-assembly_contig_174, unplaced_0717_contig_174
3C-assembly_contig_620, unplaced_0718_contig_620
3C-assembly_contig_723, unplaced_0719_contig_723
3C-assembly_contig_1080, unplaced_0720_contig_1080
3C-assembly_contig_1103, unplaced_0721_contig_1103
3C-assembly_contig_1155, unplaced_0722_contig_1155
3C-assembly_contig_1087, unplaced_0723_contig_1087
3C-assembly_contig_362, unplaced_0724_contig_362
3C-assembly_contig_1022, unplaced_0725_contig_1022
3C-assembly_contig_221, unplaced_0726_contig_221
3C-assembly_contig_601, unplaced_0727_contig_601
3C-assembly_contig_580, unplaced_0728_contig_580
3C-assembly_contig_380, unplaced_0729_contig_380
3C-assembly_contig_605, unplaced_0730_contig_605
3C-assembly_contig_596, unplaced_0731_contig_596
3C-assembly_contig_496, unplaced_0732_contig_496
3C-assembly_contig_524, unplaced_0733_contig_524
3C-assembly_contig_716, unplaced_0734_contig_716
3C-assembly_contig_834, unplaced_0735_contig_834
3C-assembly_contig_1016, unplaced_0736_contig_1016
3C-assembly_contig_990, unplaced_0737_contig_990
3C-assembly_contig_399, unplaced_0738_contig_399
3C-assembly_contig_415, unplaced_0739_contig_415
3C-assembly_contig_180, unplaced_0740_contig_180
3C-assembly_contig_86, unplaced_0741_contig_86
3C-assembly_contig_177, unplaced_0742_contig_177
3C-assembly_contig_827, unplaced_0743_contig_827
3C-assembly_contig_986, unplaced_0744_contig_986
3C-assembly_contig_926, unplaced_0745_contig_926
3C-assembly_contig_435, unplaced_0746_contig_435
3C-assembly_contig_1110, unplaced_0747_contig_1110
3C-assembly_contig_779, unplaced_0748_contig_779
3C-assembly_contig_508, unplaced_0749_contig_508
3C-assembly_contig_549, unplaced_0750_contig_549
3C-assembly_contig_326, unplaced_0751_contig_326
3C-assembly_contig_363, unplaced_0752_contig_363
3C-assembly_contig_465, unplaced_0753_contig_465
3C-assembly_contig_75, unplaced_0754_contig_75
3C-assembly_contig_293, unplaced_0755_contig_293
3C-assembly_contig_1192, unplaced_0756_contig_1192
3C-assembly_contig_1278, unplaced_0757_contig_1278
3C-assembly_contig_985, unplaced_0758_contig_985
3C-assembly_contig_248, unplaced_0759_contig_248
3C-assembly_contig_472, unplaced_0760_contig_472
3C-assembly_contig_50, unplaced_0761_contig_50
3C-assembly_contig_848, unplaced_0762_contig_848
3C-assembly_contig_754, unplaced_0763_contig_754
3C-assembly_contig_700, unplaced_0764_contig_700
3C-assembly_contig_741, unplaced_0765_contig_741
3C-assembly_contig_734, unplaced_0766_contig_734
3C-assembly_contig_404, unplaced_0767_contig_404
3C-assembly_contig_728, unplaced_0768_contig_728
3C-assembly_contig_954, unplaced_0769_contig_954
3C-assembly_contig_807, unplaced_0770_contig_807
3C-assembly_contig_443, unplaced_0771_contig_443
3C-assembly_contig_623, unplaced_0772_contig_623
3C-assembly_contig_1153, unplaced_0773_contig_1153
3C-assembly_contig_168, unplaced_0774_contig_168
3C-assembly_contig_890, unplaced_0775_contig_890
3C-assembly_contig_386, unplaced_0776_contig_386
3C-assembly_contig_205, unplaced_0777_contig_205
3C-assembly_contig_370, unplaced_0778_contig_370
3C-assembly_contig_191, unplaced_0779_contig_191
3C-assembly_contig_1017, unplaced_0780_contig_1017
3C-assembly_contig_592, unplaced_0781_contig_592
3C-assembly_contig_519, unplaced_0782_contig_519
3C-assembly_contig_743, unplaced_0783_contig_743
3C-assembly_contig_713, unplaced_0784_contig_713
3C-assembly_contig_761, unplaced_0785_contig_761
3C-assembly_contig_197, unplaced_0786_contig_197
3C-assembly_contig_409, unplaced_0787_contig_409
3C-assembly_contig_871, unplaced_0788_contig_871
3C-assembly_contig_466, unplaced_0789_contig_466
3C-assembly_contig_533, unplaced_0790_contig_533
3C-assembly_contig_340, unplaced_0791_contig_340
3C-assembly_contig_483, unplaced_0792_contig_483
3C-assembly_contig_692, unplaced_0793_contig_692
3C-assembly_contig_167, unplaced_0794_contig_167
3C-assembly_contig_1084, unplaced_0795_contig_1084
3C-assembly_contig_334, unplaced_0796_contig_334
3C-assembly_contig_1086, unplaced_0797_contig_1086
3C-assembly_contig_780, unplaced_0798_contig_780
3C-assembly_contig_482, unplaced_0799_contig_482
3C-assembly_contig_356, unplaced_0800_contig_356
3C-assembly_contig_1101, unplaced_0801_contig_1101
3C-assembly_contig_377, unplaced_0802_contig_377
3C-assembly_contig_130, unplaced_0803_contig_130
3C-assembly_contig_545, unplaced_0804_contig_545
3C-assembly_contig_242, unplaced_0805_contig_242
3C-assembly_contig_258, unplaced_0806_contig_258
3C-assembly_contig_595, unplaced_0807_contig_595
3C-assembly_contig_95, unplaced_0808_contig_95
3C-assembly_contig_721, unplaced_0809_contig_721
3C-assembly_contig_972, unplaced_0810_contig_972
3C-assembly_contig_1106, unplaced_0811_contig_1106
3C-assembly_contig_564, unplaced_0812_contig_564
3C-assembly_contig_527, unplaced_0813_contig_527
3C-assembly_contig_220, unplaced_0814_contig_220
3C-assembly_contig_487, unplaced_0815_contig_487
3C-assembly_contig_246, unplaced_0816_contig_246
3C-assembly_contig_456, unplaced_0817_contig_456
3C-assembly_contig_729, unplaced_0818_contig_729
3C-assembly_contig_982, unplaced_0819_contig_982
3C-assembly_contig_336, unplaced_0820_contig_336
3C-assembly_contig_208, unplaced_0821_contig_208
3C-assembly_contig_647, unplaced_0822_contig_647
3C-assembly_contig_847, unplaced_0823_contig_847
3C-assembly_contig_650, unplaced_0824_contig_650
3C-assembly_contig_613, unplaced_0825_contig_613
3C-assembly_contig_841, unplaced_0826_contig_841
3C-assembly_contig_312, unplaced_0827_contig_312
3C-assembly_contig_1173, unplaced_0828_contig_1173
3C-assembly_contig_322, unplaced_0829_contig_322
3C-assembly_contig_330, unplaced_0830_contig_330
3C-assembly_contig_656, unplaced_0831_contig_656
3C-assembly_contig_375, unplaced_0832_contig_375
3C-assembly_contig_555, unplaced_0833_contig_555
3C-assembly_contig_421, unplaced_0834_contig_421
3C-assembly_contig_187, unplaced_0835_contig_187
3C-assembly_contig_686, unplaced_0836_contig_686
3C-assembly_contig_603, unplaced_0837_contig_603
3C-assembly_contig_1175, unplaced_0838_contig_1175
3C-assembly_contig_913, unplaced_0839_contig_913
3C-assembly_contig_418, unplaced_0840_contig_418
3C-assembly_contig_462, unplaced_0841_contig_462
3C-assembly_contig_357, unplaced_0842_contig_357
3C-assembly_contig_703, unplaced_0843_contig_703
3C-assembly_contig_679, unplaced_0844_contig_679
3C-assembly_contig_230, unplaced_0845_contig_230
3C-assembly_contig_774, unplaced_0846_contig_774
3C-assembly_contig_859, unplaced_0847_contig_859
contig_1759_pilon_pilon, unplaced_0848_contig_1759
3C-assembly_contig_223, unplaced_0849_contig_223
3C-assembly_contig_333, unplaced_0850_contig_333
3C-assembly_contig_574, unplaced_0851_contig_574
3C-assembly_contig_307, unplaced_0852_contig_307
3C-assembly_contig_911, unplaced_0853_contig_911
3C-assembly_contig_941, unplaced_0854_contig_941
3C-assembly_contig_100, unplaced_0855_contig_100
3C-assembly_contig_517, unplaced_0856_contig_517
3C-assembly_contig_693, unplaced_0857_contig_693
3C-assembly_contig_494, unplaced_0858_contig_494
3C-assembly_contig_643, unplaced_0859_contig_643
3C-assembly_contig_144, unplaced_0860_contig_144
3C-assembly_contig_588, unplaced_0861_contig_588
3C-assembly_contig_1207, unplaced_0862_contig_1207
3C-assembly_contig_1182, unplaced_0863_contig_1182
3C-assembly_contig_773, unplaced_0864_contig_773
3C-assembly_contig_1163, unplaced_0865_contig_1163
3C-assembly_contig_732, unplaced_0866_contig_732
3C-assembly_contig_271, unplaced_0867_contig_271
3C-assembly_contig_1040, unplaced_0868_contig_1040
3C-assembly_contig_557, unplaced_0869_contig_557
3C-assembly_contig_1154, unplaced_0870_contig_1154
3C-assembly_contig_659, unplaced_0871_contig_659
3C-assembly_contig_633, unplaced_0872_contig_633
3C-assembly_contig_1071, unplaced_0873_contig_1071
3C-assembly_contig_857, unplaced_0874_contig_857
3C-assembly_contig_198, unplaced_0875_contig_198
3C-assembly_contig_172, unplaced_0876_contig_172
3C-assembly_contig_541, unplaced_0877_contig_541
3C-assembly_contig_140, unplaced_0878_contig_140
3C-assembly_contig_507, unplaced_0879_contig_507
3C-assembly_contig_202, unplaced_0880_contig_202
3C-assembly_contig_106, unplaced_0881_contig_106
3C-assembly_contig_747, unplaced_0882_contig_747
3C-assembly_contig_37, unplaced_0883_contig_37
3C-assembly_contig_1149, unplaced_0884_contig_1149
3C-assembly_contig_1050, unplaced_0885_contig_1050
3C-assembly_contig_281, unplaced_0886_contig_281
3C-assembly_contig_811, unplaced_0887_contig_811
3C-assembly_contig_980, unplaced_0888_contig_980
3C-assembly_contig_502, unplaced_0889_contig_502
3C-assembly_contig_292, unplaced_0890_contig_292
3C-assembly_contig_711, unplaced_0891_contig_711
3C-assembly_contig_628, unplaced_0892_contig_628
3C-assembly_contig_781, unplaced_0893_contig_781
3C-assembly_contig_457, unplaced_0894_contig_457
3C-assembly_contig_589, unplaced_0895_contig_589
3C-assembly_contig_481, unplaced_0896_contig_481
3C-assembly_contig_1029, unplaced_0897_contig_1029
3C-assembly_contig_720, unplaced_0898_contig_720
3C-assembly_contig_1139, unplaced_0899_contig_1139
3C-assembly_contig_234, unplaced_0900_contig_234
3C-assembly_contig_618, unplaced_0901_contig_618
3C-assembly_contig_576, unplaced_0902_contig_576
3C-assembly_contig_691, unplaced_0903_contig_691
3C-assembly_contig_178, unplaced_0904_contig_178
3C-assembly_contig_1257, unplaced_0905_contig_1257
3C-assembly_contig_14, unplaced_0906_contig_14
3C-assembly_contig_815, unplaced_0907_contig_815
3C-assembly_contig_9, unplaced_0908_contig_9
3C-assembly_contig_1034, unplaced_0909_contig_1034
3C-assembly_contig_831, unplaced_0910_contig_831
3C-assembly_contig_835, unplaced_0911_contig_835
3C-assembly_contig_1144, unplaced_0912_contig_1144
3C-assembly_contig_423, unplaced_0913_contig_423
3C-assembly_contig_988, unplaced_0914_contig_988
3C-assembly_contig_90, unplaced_0915_contig_90
3C-assembly_contig_40, unplaced_0916_contig_40
3C-assembly_contig_351, unplaced_0917_contig_351
3C-assembly_contig_944, unplaced_0918_contig_944
3C-assembly_contig_238, unplaced_0919_contig_238
3C-assembly_contig_802, unplaced_0920_contig_802
3C-assembly_contig_169, unplaced_0921_contig_169
3C-assembly_contig_602, unplaced_0922_contig_602
3C-assembly_contig_1143, unplaced_0923_contig_1143
3C-assembly_contig_510, unplaced_0924_contig_510
3C-assembly_contig_1108, unplaced_0925_contig_1108
3C-assembly_contig_305, unplaced_0926_contig_305
3C-assembly_contig_886, unplaced_0927_contig_886
3C-assembly_contig_461, unplaced_0928_contig_461
3C-assembly_contig_495, unplaced_0929_contig_495
3C-assembly_contig_186, unplaced_0930_contig_186
3C-assembly_contig_885, unplaced_0931_contig_885
3C-assembly_contig_638, unplaced_0932_contig_638
3C-assembly_contig_1148, unplaced_0933_contig_1148
3C-assembly_contig_289, unplaced_0934_contig_289
3C-assembly_contig_29, unplaced_0935_contig_29
contig_1643_pilon_pilon, unplaced_0936_contig_1643
3C-assembly_contig_374, unplaced_0937_contig_374
3C-assembly_contig_860, unplaced_0938_contig_860
3C-assembly_contig_792, unplaced_0939_contig_792
3C-assembly_contig_141, unplaced_0940_contig_141
3C-assembly_contig_675, unplaced_0941_contig_675
3C-assembly_contig_814, unplaced_0942_contig_814
3C-assembly_contig_609, unplaced_0943_contig_609
3C-assembly_contig_442, unplaced_0944_contig_442
3C-assembly_contig_698, unplaced_0945_contig_698
3C-assembly_contig_513, unplaced_0946_contig_513
3C-assembly_contig_1165, unplaced_0947_contig_1165
3C-assembly_contig_531, unplaced_0948_contig_531
3C-assembly_contig_1300, unplaced_0949_contig_1300
3C-assembly_contig_88, unplaced_0950_contig_88
3C-assembly_contig_585, unplaced_0951_contig_585
3C-assembly_contig_269, unplaced_0952_contig_269
3C-assembly_contig_310, unplaced_0953_contig_310
3C-assembly_contig_797, unplaced_0954_contig_797
3C-assembly_contig_546, unplaced_0955_contig_546
3C-assembly_contig_634, unplaced_0956_contig_634
3C-assembly_contig_870, unplaced_0957_contig_870
3C-assembly_contig_337, unplaced_0958_contig_337
3C-assembly_contig_961, unplaced_0959_contig_961
3C-assembly_contig_688, unplaced_0960_contig_688
3C-assembly_contig_701, unplaced_0961_contig_701
3C-assembly_contig_983, unplaced_0962_contig_983
3C-assembly_contig_538, unplaced_0963_contig_538
3C-assembly_contig_606, unplaced_0964_contig_606
3C-assembly_contig_518, unplaced_0965_contig_518
3C-assembly_contig_826, unplaced_0966_contig_826
3C-assembly_contig_897, unplaced_0967_contig_897
3C-assembly_contig_372, unplaced_0968_contig_372
3C-assembly_contig_105, unplaced_0969_contig_105
3C-assembly_contig_1031, unplaced_0970_contig_1031
3C-assembly_contig_331, unplaced_0971_contig_331
3C-assembly_contig_615, unplaced_0972_contig_615
3C-assembly_contig_584, unplaced_0973_contig_584
3C-assembly_contig_498, unplaced_0974_contig_498
3C-assembly_contig_204, unplaced_0975_contig_204
3C-assembly_contig_909, unplaced_0976_contig_909
3C-assembly_contig_1171, unplaced_0977_contig_1171
3C-assembly_contig_1025, unplaced_0978_contig_1025
3C-assembly_contig_921, unplaced_0979_contig_921
3C-assembly_contig_579, unplaced_0980_contig_579
3C-assembly_contig_1066, unplaced_0981_contig_1066
3C-assembly_contig_1011, unplaced_0982_contig_1011
3C-assembly_contig_28, unplaced_0983_contig_28
3C-assembly_contig_1095, unplaced_0984_contig_1095
3C-assembly_contig_170, unplaced_0985_contig_170
3C-assembly_contig_73, unplaced_0986_contig_73
3C-assembly_contig_57, unplaced_0987_contig_57
3C-assembly_contig_55, unplaced_0988_contig_55
3C-assembly_contig_799, unplaced_0989_contig_799
3C-assembly_contig_730, unplaced_0990_contig_730
3C-assembly_contig_822, unplaced_0991_contig_822
3C-assembly_contig_786, unplaced_0992_contig_786
3C-assembly_contig_766, unplaced_0993_contig_766
3C-assembly_contig_120, unplaced_0994_contig_120
3C-assembly_contig_789, unplaced_0995_contig_789
3C-assembly_contig_1052, unplaced_0996_contig_1052
3C-assembly_contig_148, unplaced_0997_contig_148
3C-assembly_contig_214, unplaced_0998_contig_214
3C-assembly_contig_91, unplaced_0999_contig_91
3C-assembly_contig_440, unplaced_1000_contig_440
3C-assembly_contig_217, unplaced_1001_contig_217
3C-assembly_contig_658, unplaced_1002_contig_658
3C-assembly_contig_571, unplaced_1003_contig_571
3C-assembly_contig_252, unplaced_1004_contig_252
3C-assembly_contig_149, unplaced_1005_contig_149
3C-assembly_contig_304, unplaced_1006_contig_304
3C-assembly_contig_56, unplaced_1007_contig_56
3C-assembly_contig_759, unplaced_1008_contig_759
3C-assembly_contig_128, unplaced_1009_contig_128
3C-assembly_contig_908, unplaced_1010_contig_908
3C-assembly_contig_12, unplaced_1011_contig_12
3C-assembly_contig_384, unplaced_1012_contig_384
3C-assembly_contig_264, unplaced_1013_contig_264
3C-assembly_contig_509, unplaced_1014_contig_509
3C-assembly_contig_497, unplaced_1015_contig_497
3C-assembly_contig_626, unplaced_1016_contig_626
3C-assembly_contig_887, unplaced_1017_contig_887
3C-assembly_contig_702, unplaced_1018_contig_702
3C-assembly_contig_341, unplaced_1019_contig_341
3C-assembly_contig_525, unplaced_1020_contig_525
3C-assembly_contig_968, unplaced_1021_contig_968
3C-assembly_contig_989, unplaced_1022_contig_989
3C-assembly_contig_769, unplaced_1023_contig_769
3C-assembly_contig_846, unplaced_1024_contig_846
3C-assembly_contig_808, unplaced_1025_contig_808
3C-assembly_contig_1161, unplaced_1026_contig_1161
3C-assembly_contig_190, unplaced_1027_contig_190
3C-assembly_contig_1, unplaced_1028_contig_1
3C-assembly_contig_371, unplaced_1029_contig_371
3C-assembly_contig_315, unplaced_1030_contig_315
3C-assembly_contig_565, unplaced_1031_contig_565
3C-assembly_contig_391, unplaced_1032_contig_391
3C-assembly_contig_894, unplaced_1033_contig_894
3C-assembly_contig_1020, unplaced_1034_contig_1020
3C-assembly_contig_1010, unplaced_1035_contig_1010
3C-assembly_contig_1075, unplaced_1036_contig_1075
3C-assembly_contig_861, unplaced_1037_contig_861
3C-assembly_contig_1018, unplaced_1038_contig_1018
3C-assembly_contig_504, unplaced_1039_contig_504
3C-assembly_contig_201, unplaced_1040_contig_201
3C-assembly_contig_200, unplaced_1041_contig_200
3C-assembly_contig_672, unplaced_1042_contig_672
3C-assembly_contig_213, unplaced_1043_contig_213
3C-assembly_contig_489, unplaced_1044_contig_489
3C-assembly_contig_568, unplaced_1045_contig_568
3C-assembly_contig_1028, unplaced_1046_contig_1028
3C-assembly_contig_547, unplaced_1047_contig_547
3C-assembly_contig_1109, unplaced_1048_contig_1109
3C-assembly_contig_902, unplaced_1049_contig_902
3C-assembly_contig_195, unplaced_1050_contig_195
3C-assembly_contig_1138, unplaced_1051_contig_1138
3C-assembly_contig_493, unplaced_1052_contig_493
3C-assembly_contig_225, unplaced_1053_contig_225
3C-assembly_contig_622, unplaced_1054_contig_622
3C-assembly_contig_314, unplaced_1055_contig_314
3C-assembly_contig_1184, unplaced_1056_contig_1184
3C-assembly_contig_244, unplaced_1057_contig_244
3C-assembly_contig_943, unplaced_1058_contig_943
3C-assembly_contig_788, unplaced_1059_contig_788
3C-assembly_contig_669, unplaced_1060_contig_669
3C-assembly_contig_474, unplaced_1061_contig_474
3C-assembly_contig_431, unplaced_1062_contig_431
3C-assembly_contig_207, unplaced_1063_contig_207
3C-assembly_contig_910, unplaced_1064_contig_910
3C-assembly_contig_1131, unplaced_1065_contig_1131
3C-assembly_contig_146, unplaced_1066_contig_146
3C-assembly_contig_381, unplaced_1067_contig_381
3C-assembly_contig_739, unplaced_1068_contig_739
3C-assembly_contig_865, unplaced_1069_contig_865
3C-assembly_contig_1134, unplaced_1070_contig_1134
3C-assembly_contig_544, unplaced_1071_contig_544
3C-assembly_contig_135, unplaced_1072_contig_135
3C-assembly_contig_607, unplaced_1073_contig_607
3C-assembly_contig_537, unplaced_1074_contig_537
3C-assembly_contig_1062, unplaced_1075_contig_1062
3C-assembly_contig_161, unplaced_1076_contig_161
3C-assembly_contig_470, unplaced_1077_contig_470
3C-assembly_contig_286, unplaced_1078_contig_286
3C-assembly_contig_473, unplaced_1079_contig_473
3C-assembly_contig_445, unplaced_1080_contig_445
3C-assembly_contig_196, unplaced_1081_contig_196
3C-assembly_contig_181, unplaced_1082_contig_181
3C-assembly_contig_960, unplaced_1083_contig_960
3C-assembly_contig_758, unplaced_1084_contig_758
3C-assembly_contig_783, unplaced_1085_contig_783
3C-assembly_contig_992, unplaced_1086_contig_992
3C-assembly_contig_137, unplaced_1087_contig_137
3C-assembly_contig_530, unplaced_1088_contig_530
3C-assembly_contig_767, unplaced_1089_contig_767
3C-assembly_contig_85, unplaced_1090_contig_85
3C-assembly_contig_1070, unplaced_1091_contig_1070
3C-assembly_contig_567, unplaced_1092_contig_567
3C-assembly_contig_464, unplaced_1093_contig_464
3C-assembly_contig_963, unplaced_1094_contig_963
3C-assembly_contig_1112, unplaced_1095_contig_1112
3C-assembly_contig_171, unplaced_1096_contig_171
3C-assembly_contig_70, unplaced_1097_contig_70
3C-assembly_contig_987, unplaced_1098_contig_987
3C-assembly_contig_818, unplaced_1099_contig_818
3C-assembly_contig_947, unplaced_1100_contig_947
3C-assembly_contig_967, unplaced_1101_contig_967
3C-assembly_contig_339, unplaced_1102_contig_339
3C-assembly_contig_942, unplaced_1103_contig_942
3C-assembly_contig_823, unplaced_1104_contig_823
3C-assembly_contig_1035, unplaced_1105_contig_1035
3C-assembly_contig_285, unplaced_1106_contig_285
3C-assembly_contig_621, unplaced_1107_contig_621
3C-assembly_contig_45, unplaced_1108_contig_45
3C-assembly_contig_795, unplaced_1109_contig_795
3C-assembly_contig_973, unplaced_1110_contig_973
3C-assembly_contig_284, unplaced_1111_contig_284
3C-assembly_contig_311, unplaced_1112_contig_311
3C-assembly_contig_232, unplaced_1113_contig_232
3C-assembly_contig_166, unplaced_1114_contig_166
3C-assembly_contig_247, unplaced_1115_contig_247
3C-assembly_contig_534, unplaced_1116_contig_534
3C-assembly_contig_1037, unplaced_1117_contig_1037
3C-assembly_contig_948, unplaced_1118_contig_948
3C-assembly_contig_791, unplaced_1119_contig_791
3C-assembly_contig_94, unplaced_1120_contig_94
3C-assembly_contig_412, unplaced_1121_contig_412
3C-assembly_contig_277, unplaced_1122_contig_277
3C-assembly_contig_597, unplaced_1123_contig_597
3C-assembly_contig_529, unplaced_1124_contig_529
3C-assembly_contig_7, unplaced_1125_contig_7
3C-assembly_contig_805, unplaced_1126_contig_805
3C-assembly_contig_1081, unplaced_1127_contig_1081
3C-assembly_contig_535, unplaced_1128_contig_535
3C-assembly_contig_367, unplaced_1129_contig_367
3C-assembly_contig_348, unplaced_1130_contig_348
3C-assembly_contig_163, unplaced_1131_contig_163
3C-assembly_contig_881, unplaced_1132_contig_881
3C-assembly_contig_26, unplaced_1133_contig_26
3C-assembly_contig_1150, unplaced_1134_contig_1150
3C-assembly_contig_355, unplaced_1135_contig_355
3C-assembly_contig_448, unplaced_1136_contig_448
3C-assembly_contig_625, unplaced_1137_contig_625
3C-assembly_contig_662, unplaced_1138_contig_662
3C-assembly_contig_674, unplaced_1139_contig_674
3C-assembly_contig_452, unplaced_1140_contig_452
3C-assembly_contig_872, unplaced_1141_contig_872
3C-assembly_contig_869, unplaced_1142_contig_869
3C-assembly_contig_896, unplaced_1143_contig_896
3C-assembly_contig_395, unplaced_1144_contig_395
3C-assembly_contig_51, unplaced_1145_contig_51
3C-assembly_contig_532, unplaced_1146_contig_532
3C-assembly_contig_816, unplaced_1147_contig_816
3C-assembly_contig_136, unplaced_1148_contig_136
3C-assembly_contig_684, unplaced_1149_contig_684
3C-assembly_contig_760, unplaced_1150_contig_760
3C-assembly_contig_424, unplaced_1151_contig_424
3C-assembly_contig_321, unplaced_1152_contig_321
3C-assembly_contig_109, unplaced_1153_contig_109
3C-assembly_contig_1085, unplaced_1154_contig_1085
3C-assembly_contig_309, unplaced_1155_contig_309
3C-assembly_contig_1152, unplaced_1156_contig_1152
3C-assembly_contig_490, unplaced_1157_contig_490
3C-assembly_contig_249, unplaced_1158_contig_249
3C-assembly_contig_359, unplaced_1159_contig_359
3C-assembly_contig_155, unplaced_1160_contig_155
3C-assembly_contig_521, unplaced_1161_contig_521
3C-assembly_contig_32, unplaced_1162_contig_32
3C-assembly_contig_60, unplaced_1163_contig_60
3C-assembly_contig_515, unplaced_1164_contig_515
3C-assembly_contig_563, unplaced_1165_contig_563
3C-assembly_contig_400, unplaced_1166_contig_400
3C-assembly_contig_430, unplaced_1167_contig_430
3C-assembly_contig_806, unplaced_1168_contig_806
3C-assembly_contig_1012, unplaced_1169_contig_1012
3C-assembly_contig_401, unplaced_1170_contig_401
3C-assembly_contig_22, unplaced_1171_contig_22
3C-assembly_contig_433, unplaced_1172_contig_433
3C-assembly_contig_932, unplaced_1173_contig_932
3C-assembly_contig_446, unplaced_1174_contig_446
3C-assembly_contig_590, unplaced_1175_contig_590
3C-assembly_contig_1183, unplaced_1176_contig_1183
3C-assembly_contig_450, unplaced_1177_contig_450
3C-assembly_contig_145, unplaced_1178_contig_145
3C-assembly_contig_824, unplaced_1179_contig_824
3C-assembly_contig_966, unplaced_1180_contig_966
3C-assembly_contig_819, unplaced_1181_contig_819
3C-assembly_contig_154, unplaced_1182_contig_154
3C-assembly_contig_13, unplaced_1183_contig_13
3C-assembly_contig_192, unplaced_1184_contig_192
3C-assembly_contig_183, unplaced_1185_contig_183
3C-assembly_contig_687, unplaced_1186_contig_687
3C-assembly_contig_833, unplaced_1187_contig_833
3C-assembly_contig_854, unplaced_1188_contig_854
3C-assembly_contig_209, unplaced_1189_contig_209
3C-assembly_contig_604, unplaced_1190_contig_604
3C-assembly_contig_159, unplaced_1191_contig_159
3C-assembly_contig_240, unplaced_1192_contig_240
3C-assembly_contig_582, unplaced_1193_contig_582
3C-assembly_contig_417, unplaced_1194_contig_417
3C-assembly_contig_1100, unplaced_1195_contig_1100
3C-assembly_contig_727, unplaced_1196_contig_727
3C-assembly_contig_422, unplaced_1197_contig_422
3C-assembly_contig_133, unplaced_1198_contig_133
3C-assembly_contig_649, unplaced_1199_contig_649
3C-assembly_contig_1024, unplaced_1200_contig_1024
3C-assembly_contig_1077, unplaced_1201_contig_1077
3C-assembly_contig_44, unplaced_1202_contig_44
3C-assembly_contig_139, unplaced_1203_contig_139
3C-assembly_contig_444, unplaced_1204_contig_444
3C-assembly_contig_511, unplaced_1205_contig_511
3C-assembly_contig_851, unplaced_1206_contig_851
3C-assembly_contig_122, unplaced_1207_contig_122
3C-assembly_contig_891, unplaced_1208_contig_891
3C-assembly_contig_637, unplaced_1209_contig_637
3C-assembly_contig_467, unplaced_1210_contig_467
3C-assembly_contig_883, unplaced_1211_contig_883
3C-assembly_contig_933, unplaced_1212_contig_933
3C-assembly_contig_636, unplaced_1213_contig_636
3C-assembly_contig_1181, unplaced_1214_contig_1181
3C-assembly_contig_434, unplaced_1215_contig_434
3C-assembly_contig_48, unplaced_1216_contig_48
3C-assembly_contig_771, unplaced_1217_contig_771
3C-assembly_contig_203, unplaced_1218_contig_203
3C-assembly_contig_455, unplaced_1219_contig_455
3C-assembly_contig_360, unplaced_1220_contig_360
3C-assembly_contig_266, unplaced_1221_contig_266
3C-assembly_contig_640, unplaced_1222_contig_640
3C-assembly_contig_1090, unplaced_1223_contig_1090
3C-assembly_contig_1169, unplaced_1224_contig_1169
3C-assembly_contig_262, unplaced_1225_contig_262
3C-assembly_contig_899, unplaced_1226_contig_899
3C-assembly_contig_101, unplaced_1227_contig_101
3C-assembly_contig_34, unplaced_1228_contig_34
3C-assembly_contig_1009, unplaced_1229_contig_1009
3C-assembly_contig_663, unplaced_1230_contig_663
3C-assembly_contig_1119, unplaced_1231_contig_1119
3C-assembly_contig_832, unplaced_1232_contig_832
3C-assembly_contig_1164, unplaced_1233_contig_1164
3C-assembly_contig_543, unplaced_1234_contig_543
3C-assembly_contig_447, unplaced_1235_contig_447
3C-assembly_contig_1006, unplaced_1236_contig_1006
3C-assembly_contig_654, unplaced_1237_contig_654
3C-assembly_contig_731, unplaced_1238_contig_731
3C-assembly_contig_939, unplaced_1239_contig_939
3C-assembly_contig_1005, unplaced_1240_contig_1005
3C-assembly_contig_642, unplaced_1241_contig_642
3C-assembly_contig_102, unplaced_1242_contig_102
3C-assembly_contig_52, unplaced_1243_contig_52
3C-assembly_contig_313, unplaced_1244_contig_313
3C-assembly_contig_328, unplaced_1245_contig_328
3C-assembly_contig_946, unplaced_1246_contig_946
3C-assembly_contig_1180, unplaced_1247_contig_1180
3C-assembly_contig_1019, unplaced_1248_contig_1019
3C-assembly_contig_829, unplaced_1249_contig_829
3C-assembly_contig_156, unplaced_1250_contig_156
3C-assembly_contig_468, unplaced_1251_contig_468
3C-assembly_contig_131, unplaced_1252_contig_131
3C-assembly_contig_179, unplaced_1253_contig_179
3C-assembly_contig_757, unplaced_1254_contig_757
3C-assembly_contig_10, unplaced_1255_contig_10
3C-assembly_contig_907, unplaced_1256_contig_907
3C-assembly_contig_699, unplaced_1257_contig_699
3C-assembly_contig_542, unplaced_1258_contig_542
3C-assembly_contig_74, unplaced_1259_contig_74
3C-assembly_contig_206, unplaced_1260_contig_206
3C-assembly_contig_690, unplaced_1261_contig_690
3C-assembly_contig_639, unplaced_1262_contig_639
3C-assembly_contig_953, unplaced_1263_contig_953
3C-assembly_contig_1065, unplaced_1264_contig_1065
3C-assembly_contig_573, unplaced_1265_contig_573
3C-assembly_contig_945, unplaced_1266_contig_945
3C-assembly_contig_956, unplaced_1267_contig_956
3C-assembly_contig_338, unplaced_1268_contig_338
3C-assembly_contig_1136, unplaced_1269_contig_1136
3C-assembly_contig_809, unplaced_1270_contig_809
3C-assembly_contig_689, unplaced_1271_contig_689
3C-assembly_contig_104, unplaced_1272_contig_104
3C-assembly_contig_1007, unplaced_1273_contig_1007
3C-assembly_contig_396, unplaced_1274_contig_396
3C-assembly_contig_1043, unplaced_1275_contig_1043
3C-assembly_contig_755, unplaced_1276_contig_755
3C-assembly_contig_408, unplaced_1277_contig_408
3C-assembly_contig_955, unplaced_1278_contig_955
3C-assembly_contig_705, unplaced_1279_contig_705
3C-assembly_contig_1082, unplaced_1280_contig_1082
3C-assembly_contig_935, unplaced_1281_contig_935
3C-assembly_contig_697, unplaced_1282_contig_697
3C-assembly_contig_923, unplaced_1283_contig_923
3C-assembly_contig_454, unplaced_1284_contig_454
3C-assembly_contig_868, unplaced_1285_contig_868
3C-assembly_contig_30, unplaced_1286_contig_30
3C-assembly_contig_414, unplaced_1287_contig_414
3C-assembly_contig_1027, unplaced_1288_contig_1027
3C-assembly_contig_1046, unplaced_1289_contig_1046
3C-assembly_contig_1137, unplaced_1290_contig_1137
3C-assembly_contig_236, unplaced_1291_contig_236
3C-assembly_contig_397, unplaced_1292_contig_397
3C-assembly_contig_1172, unplaced_1293_contig_1172
3C-assembly_contig_867, unplaced_1294_contig_867
3C-assembly_contig_554, unplaced_1295_contig_554
3C-assembly_contig_514, unplaced_1296_contig_514
3C-assembly_contig_523, unplaced_1297_contig_523
3C-assembly_contig_708, unplaced_1298_contig_708
3C-assembly_contig_1064, unplaced_1299_contig_1064
3C-assembly_contig_904, unplaced_1300_contig_904
3C-assembly_contig_1063, unplaced_1301_contig_1063
3C-assembly_contig_349, unplaced_1302_contig_349
3C-assembly_contig_1107, unplaced_1303_contig_1107
3C-assembly_contig_866, unplaced_1304_contig_866
3C-assembly_contig_108, unplaced_1305_contig_108
3C-assembly_contig_185, unplaced_1306_contig_185
3C-assembly_contig_1053, unplaced_1307_contig_1053
3C-assembly_contig_644, unplaced_1308_contig_644
3C-assembly_contig_828, unplaced_1309_contig_828
3C-assembly_contig_1008, unplaced_1310_contig_1008
3C-assembly_contig_561, unplaced_1311_contig_561
3C-assembly_contig_916, unplaced_1312_contig_916
3C-assembly_contig_116, unplaced_1313_contig_116
3C-assembly_contig_931, unplaced_1314_contig_931
3C-assembly_contig_239, unplaced_1315_contig_239
3C-assembly_contig_787, unplaced_1316_contig_787
3C-assembly_contig_696, unplaced_1317_contig_696
3C-assembly_contig_383, unplaced_1318_contig_383
3C-assembly_contig_900, unplaced_1319_contig_900
3C-assembly_contig_1072, unplaced_1320_contig_1072
3C-assembly_contig_925, unplaced_1321_contig_925
3C-assembly_contig_782, unplaced_1322_contig_782
3C-assembly_contig_882, unplaced_1323_contig_882
3C-assembly_contig_1115, unplaced_1324_contig_1115
3C-assembly_contig_127, unplaced_1325_contig_127
3C-assembly_contig_358, unplaced_1326_contig_358
3C-assembly_contig_1170, unplaced_1327_contig_1170
3C-assembly_contig_801, unplaced_1328_contig_801
3C-assembly_contig_748, unplaced_1329_contig_748
3C-assembly_contig_864, unplaced_1330_contig_864
3C-assembly_contig_746, unplaced_1331_contig_746
3C-assembly_contig_707, unplaced_1332_contig_707
3C-assembly_contig_1001, unplaced_1333_contig_1001
3C-assembly_contig_1058, unplaced_1334_contig_1058
3C-assembly_contig_471, unplaced_1335_contig_471
3C-assembly_contig_352, unplaced_1336_contig_352
3C-assembly_contig_790, unplaced_1337_contig_790
3C-assembly_contig_893, unplaced_1338_contig_893
3C-assembly_contig_67, unplaced_1339_contig_67
3C-assembly_contig_449, unplaced_1340_contig_449
3C-assembly_contig_117, unplaced_1341_contig_117
3C-assembly_contig_600, unplaced_1342_contig_600
3C-assembly_contig_218, unplaced_1343_contig_218
3C-assembly_contig_1174, unplaced_1344_contig_1174
3C-assembly_contig_124, unplaced_1345_contig_124
3C-assembly_contig_660, unplaced_1346_contig_660
3C-assembly_contig_453, unplaced_1347_contig_453
3C-assembly_contig_134, unplaced_1348_contig_134
3C-assembly_contig_150, unplaced_1349_contig_150
3C-assembly_contig_256, unplaced_1350_contig_256
3C-assembly_contig_648, unplaced_1351_contig_648
3C-assembly_contig_110, unplaced_1352_contig_110
3C-assembly_contig_111, unplaced_1353_contig_111
3C-assembly_contig_1122, unplaced_1354_contig_1122
3C-assembly_contig_403, unplaced_1355_contig_403